epoch	steps	train_loss	val_loss	val_acc	val_f1
1	69	0.892081	0.199160	0.983740	0.983017
2	69	0.125565	0.084587	0.983740	0.983017
3	69	0.029087	0.055657	0.991870	0.990427
