epoch	steps	train_loss	val_loss	val_acc	val_f1
1	300	0.858750	0.729285	0.662000	0.644019
2	300	0.680170	0.671795	0.704000	0.672515
3	300	0.587450	0.667780	0.704000	0.692099
